Fold_1,Fold_2,Fold_3,Fold_4,Fold_5,Fold_6,Fold_7,Fold_8,Fold_9,Fold_10,Final result
0.9947368421052631,1.0,1.0,1.0,1.0,1.0,1.0,1.0,0.9947368421052631,0.9894736842105263,0.9979 +- 0.0035
0.9895287958115183,1.0,1.0,1.0,1.0,1.0,1.0,0.9894736842105263,0.9947368421052631,1.0,0.9974 +- 0.0042
